NAME,Ku.FC.nonIR5,Ku.FC.IR5,Ku.FC.IR30,Ku.FC.IR2,Ku.FC.IR8,Ku.FC.IR24,Ku.FC.nonIR24
XRCC5,6.926333333,7.658666667,8.413333333,11.446,7.418666667,2.637666667,5.273666667
PTBP1,7.734333333,3.832333333,8.983666667,11.095,9.003333333,7.617333333,9.999333333
XRCC6,5.613,5.939333333,6.811333333,11.08,7.414333333,6.058666667,6.522
FLNA,8.502333333,9.320666667,7.524666667,11.04333333,10.20866667,7.761333333,10.91133333
NCL,7.608333333,7.597333333,3.672666667,10.732,7.827,6.127666667,5.923666667
DDX21,5.837,8.331666667,6.113,10.222,7.594666667,5.910666667,6.694
SPTAN1,7.886,8.458333333,7.996333333,9.903333333,8.614,5.856333333,7.82
DHX9,6.512666667,8.400666667,6.995,9.832,8.613,6.334,7.011
RPS18,5.116,4.794666667,3.776,9.735,8.867333333,5.843666667,2.935
NONO,6.370666667,7.814666667,8.552666667,9.589,7.141666667,8.374333333,8.254
RPL5,3.832666667,5.010666667,3.542666667,9.419666667,9.808666667,0,2.813666667
RPLP0,5.580333333,5.469333333,6.699333333,9.304,9.123333333,5.748333333,6.6
SLC25A5,2.458666667,3.18,3.996333333,9.147666667,11.05266667,3.726666667,5.757
PRKDC,2.335666667,4.206666667,3.208666667,9.094,7.429,0,2.573666667
ILF2,4.791333333,6.049333333,6.498666667,9.018666667,8.040666667,5.926666667,6.496666667
RCC2,6.574,4.768333333,8.133666667,9.005,7.002666667,4.821666667,8.370666667
FBL,7.355,8.457,6.507,8.929333333,7.776666667,5.013333333,6.061666667
SPTBN1,6.443833333,4.797166667,6.845166667,8.800833333,7.3765,5.993166667,6.366833333
SF3B3,7.778,8.213666667,6.444333333,8.735666667,7.929333333,6.580666667,6.183333333
DDX39B,5.349333333,6.143333333,6.644,8.698666667,8.017333333,6.366666667,6.328333333
LMNB1,6.387333333,5.322333333,6.779,8.657666667,6.600333333,7.633333333,7.500333333
LRPPRC,7.77,5.713666667,4.358666667,8.616333333,8.741666667,3.502,6.274333333
RPS11,1.633,4.355666667,2.831666667,8.409666667,7.766333333,2.387666667,5.130666667
RBBP7,4.256,5.195666667,3.143666667,8.395333333,6.502,2.945333333,2.744666667
RPSA,6.5685,6.308833333,7.584166667,8.307833333,10.2065,7.059833333,7.364833333
RPL17,4.559333333,4.464666667,3.350666667,8.234333333,7.517666667,4.493,4.745333333
EIF4A3,6.552666667,5.151333333,7.808666667,8.166666667,7.404666667,7.477,5.273333333
DDX5,6.996166667,7.211166667,7.3335,8.117166667,6.596833333,6.935833333,4.871833333
MYH9,3.9685,3.986166667,4.5715,8.065833333,5.827833333,0,1.402833333
PHB,5.470333333,4.961666667,5.023,7.938666667,9.090666667,4.038,4.948
EFTUD2,4.952666667,4.552333333,5.718333333,7.912666667,7.115666667,5.343666667,5.048333333
NOP2,4.054333333,3.837,5.430333333,7.873333333,6.544333333,2.810666667,4.608666667
RALY,3.906,0,2.303,7.862666667,5.973,0,2.299
FKBP1A,6.679666667,8.788666667,6.761666667,7.853333333,2.892666667,0,0
HSPA9,8.146333333,4.706666667,4.790333333,7.811333333,10.17833333,5.938333333,8.904333333
PABPC1,5.497,6.818,5.952333333,7.778666667,9.404333333,4.73,5.76
DHX15,4.567666667,1.929,2.907666667,7.751333333,6.245,3.968666667,2.607666667
RPS8,4.0455,4.490833333,5.173833333,7.7305,6.987166667,4.269166667,3.837166667
HSPD1,3.415166667,7.1965,3.982833333,7.7125,7.742166667,8.059833333,9.477166667
TPR,6.028,7.667,7.133333333,7.712333333,4.604,4.234666667,5.435333333
GNL3,5.241333333,3.021333333,6.353,7.655,6.840333333,3.357333333,2.699666667
RUVBL2,1.413333333,2.263333333,2.734,7.562333333,5.875,2.535,4.758666667
HNRNPD,3.994,2.668,5.316666667,7.532333333,3.242333333,2.706333333,2.645
HNRNPA2B1,5.676333333,7.848333333,4.136666667,7.471666667,8.762,7.038333333,5.059
BUB3,4.580333333,4.305666667,4.998,7.434666667,5.974666667,2.928,5.067666667
RPL3,2.527,0,3.233333333,7.432,8.474,2.026666667,0
EIF4A1,5.868666667,6.501666667,6.58,7.431666667,8.642333333,3.564,6.372
PARP1,1.83,2.423666667,2.793333333,7.423333333,6.035,2.286333333,0
RPL7A,2.488,0,3.641666667,7.418,8.102666667,2.604333333,0
RPL10,1.440333333,0,3.066666667,7.39,7.632,5.153,2.341666667
NUMA1,2.636333333,0,2.541,7.362666667,4.967,0,1.438
RAN,5.153833333,7.214833333,4.273833333,7.361833333,5.929833333,4.260166667,5.7895
HNRNPM,1.100333333,2.035333333,2.629666667,7.132333333,5.519333333,2.718,4.231333333
SF3A1,4.149666667,4.395,2.701333333,6.995333333,5.975,4.917,4.770666667
NOP56,1.657333333,0,2.831666667,6.972333333,7.176333333,0,2.88
PRPF19,3.575166667,6.936833333,4.8855,6.934166667,5.975833333,4.913833333,4.664833333
RPL26,1.990333333,0,3.158333333,6.929,6.84,0,0
CORO1C,1.683666667,0,2.99,6.901,6.459666667,0,2.256666667
PNN,1.949666667,0,2.874333333,6.888666667,6.687333333,0,1.920333333
RPL27,5.704666667,6.545333333,6.941666667,6.795666667,8.290333333,6.086,5.798
MACROH2A1,2.089333333,0,3.312666667,6.752666667,6.600333333,2.605333333,3.699666667
HNRNPA0,5.503666667,6.277333333,3.669666667,6.728666667,5.268,6.146666667,6.695333333
TKT,2.085,2.422333333,3.440666667,6.711666667,6.342,3.572,5.468666667
PABPN1,0.314666667,4.426666667,4.767666667,6.702,6.144333333,6.89,4.887
RBBP4,5.787,4.503,4.729333333,6.633666667,5.34,4.708,4.499
RPL18,2.705333333,4.685333333,3.711,6.630333333,8.566,3.446,3.15
LDHA,2.298666667,2.816,3.750333333,6.628333333,6.984333333,2.653333333,2.286
SND1,3.2115,1.3215,2.3585,6.625166667,9.133166667,2.0115,1.9385
SFPQ,3.974333333,2.719,2.838333333,6.610666667,6.386333333,5.12,5.465
ILF3,4.037,0,2.678333333,6.574,5.683,2.131333333,0
YBX1,1.850666667,4.567666667,3.000333333,6.503666667,7.524333333,0,0
TARDBP,1.154,2.175,4.623333333,6.498666667,2.661,0,4.606333333
HNRNPK,4.892,5.98,5.600666667,6.488666667,4.426666667,5.65,3.633
NOLC1,2.555833333,5.584833333,2.819166667,6.4575,3.276166667,0,0
RPL10A,2.163666667,0,3.192,6.445,7.641,0,2.852666667
CPS1,4.394166667,5.8725,5.5395,6.444833333,8.8545,6.160166667,7.366833333
CDKN2A,1.709333333,0,2.559666667,6.338666667,6.311666667,2.635666667,2.925
SRRM2,0.990333333,0,0,6.325,0,0,0
RPL13,2.776833333,1.7675,0.927833333,6.265833333,5.827166667,0.2155,2.986166667
RBM39,0.666666667,0,2.503666667,6.262,5.953333333,2.937333333,2.475333333
HSD17B10,5.5,5.435666667,3.907666667,6.195,8.177333333,3.7,5.747666667
PA2G4,4.161333333,0,3.246333333,6.098,7.434666667,0,2.356666667
RPA1,0.913666667,0,0,6.02,4.840333333,0,0
RPS14,4.258166667,3.072833333,0.905833333,6.017833333,4.981833333,2.732833333,2.962166667
RACK1,4.831166667,5.4295,6.3125,6.010166667,7.821833333,5.281166667,5.905166667
ACTN4,1.397333333,3.975,2.754333333,5.987666667,7.783333333,3.323,4.612333333
PPIA,4.5035,5.2905,6.043166667,5.965166667,7.365833333,5.654833333,6.080833333
DDX3X,0.6185,0,1.424166667,5.9465,3.950833333,0.6455,0
NUDT21,3.116166667,3.672166667,4.211166667,5.930166667,5.1105,3.7835,4.3215
TUBA1B,1.581833333,2.5915,2.9075,5.898833333,6.546833333,4.819833333,6.018166667
AHNAK,0,0.304833333,0,5.898833333,5.656166667,0,0
NPM1,3.402666667,4.14,4.106,5.873333333,2.034333333,4.697333333,4.836333333
SHMT2,4.541666667,4.881,3.353,5.822,8.390333333,5.402333333,6.661
TRAP1,2.195666667,2.347666667,3.067333333,5.75,8.325666667,3.439333333,6.162333333
HSPA8,2.848166667,3.533166667,4.708833333,5.701833333,3.296166667,1.7655,4.408166667
MISP,0,0,0,5.661,2.600333333,0,0
HNRNPU,4.384833333,4.6655,5.4775,5.6605,5.334166667,4.760166667,4.8515
LMNA,0,2.197,2.176666667,5.653,4.33,2.007666667,4.517666667
RPS24,1.717,2.930666667,3.253333333,5.623666667,7.426333333,5.698666667,3.147333333
HSP90AA1,1.643,1.921333333,2.801333333,5.622666667,2.940333333,0,0
RPL22,0,0.784,0,5.577,5.348333333,3.983666667,0
MCM7,1.395666667,2.609333333,2.660333333,5.557666667,3.171333333,0,0
NAT10,2.148333333,0,3.567666667,5.537,6.685,1.759,0
MCM5,3.840333333,2.403666667,4.86,5.492333333,6.504666667,2.582666667,0
APEX1,1.206666667,5.346333333,2.819333333,5.464333333,7.117,0,0
SNRPD1,5.195333333,2.579666667,3.242666667,5.428,6.809,2.950666667,5.661333333
RPS15A,1.573,0,0,5.359666667,6.899333333,0,0
NSUN2,1.225666667,0,0,5.354666667,4.999333333,0,0
GTPBP4,1.060666667,0,0,5.349,5.526333333,0,0
RTCB,2.985333333,2.606333333,2.616333333,5.343333333,6.116666667,2.333,4.891333333
SNRPA1,3.578,0,2.947,5.341333333,5.094333333,2.362333333,5.340333333
RANBP2,3.334333333,1.975333333,4.652,5.315333333,5.808,2.005666667,2.276666667
RPS3A,0.884166667,1.997833333,2.444166667,5.264833333,6.488166667,1.031833333,1.3735
HNRNPA1,3.591166667,4.585833333,5.053166667,5.253166667,4.408166667,4.988833333,5.003833333
SNRNP200,4.088,0,2.889333333,5.252666667,6.455,2.767,2.684
RPS16,0.925833333,1.6155,1.415166667,5.2295,7.0145,2.039166667,4.0565
G3BP1,4.285333333,2.222333333,3.024666667,5.192666667,7.256,2.633333333,4.406333333
RPS4X,1.995333333,0,2.557666667,5.148666667,7.125,2.390666667,2.404666667
RPL7,2.7165,0.863166667,0,5.1345,5.6445,1.046166667,0
RPL4,1.0615,0,1.221833333,5.1265,5.6005,1.089833333,1.135833333
DDX1,1.054666667,0,2.311666667,5.123,5.021666667,2.168333333,2.016333333
DDX17,1.059666667,2.089333333,2.136,5.07,5.700666667,3.887666667,2.176
TRIM28,3.532,1.946666667,2.537666667,5.066666667,4.491,4.500666667,4.475
NUP155,3.944,2.208666667,3.034666667,5.050666667,7.222333333,3.298,5.523333333
CPSF7,0,0,0,5.031,0,0,0
PABPC4,3.644333333,2.05,2.661,5.009333333,6.408,3.938666667,4.176666667
SET,1.526666667,2.536333333,4.820666667,4.971,2.210333333,2.218333333,2.042
RPS3,0.779166667,3.322833333,2.1445,4.955833333,5.758166667,0,1.5875
FH,1.487666667,1.857,2.77,4.938333333,7.158666667,3.004333333,4.659333333
DDB1,3.297666667,4.137333333,5.242333333,4.905,5.345666667,2.237333333,4.524
SNRPD3,3.515833333,4.272166667,4.162833333,4.8835,6.2755,4.9515,4.9215
PSMA2,1.345333333,0,0,4.857,2.665,0,2.796333333
HNRNPC,3.293666667,3.641,4.302,4.816,4.916666667,2.865333333,3.996666667
BRIX1,2.187333333,0,3.188666667,4.810666667,6.553666667,0,0
NUP133,4.405666667,0,2.757666667,4.768666667,6.312333333,2.934333333,2.712333333
MCM3,0,2.034,0,4.766666667,2.896333333,0,0
KPNB1,1.604666667,0,4.475666667,4.742666667,5.229,0,0
RPS13,0.852833333,2.874833333,1.9555,4.7335,6.1705,3.558166667,3.351833333
CBX5,3.400333333,4.55,2.137666667,4.721,5.474,4.713,0
SNRNP40,1.470666667,0,2.807666667,4.703333333,6.398,4.215,0
DDX54,2.639666667,0,0,4.702666667,4.620666667,1.676333333,2.088333333
SMU1,3.724,2.766666667,2.885666667,4.694666667,6.627333333,4.787333333,4.843666667
MCM2,1.482,0,2.478666667,4.681333333,2.036,0,0
HSP90AB1,3.4655,3.045166667,2.687833333,4.657833333,4.4645,0.429166667,2.139166667
RCC1,4.619333333,4.349666667,3.142333333,4.622333333,7.013,2.875666667,5.68
CCT4,1.335333333,0,2.568,4.618666667,5.434333333,1.88,2.151666667
PDCD6,3.626333333,0,2.468,4.592666667,5.956,4.680666667,4.704
KRT18,0.485166667,1.064166667,1.879833333,4.566166667,3.7095,1.8685,2.085166667
GNAI3,1.926,0,3.375333333,4.547333333,6.504666667,0,0
RUVBL1,1.378666667,1.957666667,2.662666667,4.530333333,3.094,0,0
PRDX1,0,0,0,4.522,4.82,0,1.119333333
HIST1H2AC,4.038833333,3.781166667,5.014166667,4.457166667,6.185166667,4.049833333,3.754166667
UBAP2L,0,0,0,4.45,6.471,0,0
RPL11,0.588,3.913,1.658,4.447333333,3.516333333,1.914,1.756
ALDOA,2.006166667,2.698833333,1.6995,4.4245,5.6115,1.950833333,3.835166667
RPS17,1.189666667,0,0,4.38,3.184666667,0,0
PCBP2,1.533,2.352666667,3.237,4.372333333,6.968,2.898,2.804333333
TFRC,4.411,3.024333333,3.245,4.37,7.848666667,5.323333333,6.711666667
H2AFV,1.575666667,0,2.731333333,4.275,2.819333333,2.13,0
ADAR,4.436333333,3.819333333,2.52,4.274666667,6.045,3.022333333,4.943333333
WDR5,3.57,2.353,2.751666667,4.264666667,5.469666667,0,2.559666667
FEN1,0.654666667,1.994,1.964333333,4.264666667,2.246333333,0,1.707666667
EIF3B,0.901666667,0,1.936666667,4.263,4.829666667,0,0
SSBP1,4.374,0,2.541333333,4.240666667,6.703,2.883666667,0
RAP1B,1.596666667,0,0,4.223666667,6.405,2.588333333,0
STRAP,0,0,0,4.216666667,5.333666667,0,0
MCM6,0.986666667,0,0,4.156,2.433,0,0
EIF2S1,5.263,2.283333333,2.706,4.143666667,6.676333333,0,0
NUP160,3.646,0,2.976,4.131333333,6.613,2.535333333,2.980333333
PSMA7,0.661666667,0,2.789666667,4.116666667,0,0,0
TUBB,1.058833333,1.2145,2.2845,4.113833333,5.564166667,3.789833333,4.475833333
EIF5A,1.193333333,0,2.700666667,4.087666667,4.986333333,0,2.001333333
RPS20,0.7,0,0,4.087,4.951,0,0
RPL9,0.670333333,0,2.272,4.073333333,5.719333333,0,0
CFL1,0,1.861666667,0,4.05,0,0,0
NOP58,1.562333333,2.041,2.851333333,4.047,5.717666667,2.186666667,1.638666667
NUP93,1.067666667,2.001,5.189,4.044666667,6.280333333,2.658666667,0
RPL6,1.651,0,2.793666667,3.972666667,5.788666667,0,0
HNRNPL,1.296333333,0,2.232666667,3.965666667,2.341333333,0,0
BCAS2,0,0,0,3.962666667,4.862,0,0
WDR18,4.237666667,2.837,2.847333333,3.953333333,5.327666667,0,2.958
CCAR2,0,0,0,3.939,0,0,0
RPN2,2.125333333,1.971666667,3.009333333,3.910333333,3.465,3.084333333,5.541333333
PLRG1,1.181333333,0,0,3.880666667,4.411333333,0,0
RBM14,0.133333333,1.773333333,3.978666667,3.875666667,5.202333333,4.387,4.424
THRAP3,0.906,0,0,3.852333333,6.607666667,0,0
MYO1B,1.695,0,2.483333333,3.741,5.466,0,0
MTA2,0.811333333,0,0,3.721,2.163333333,1.915333333,0
SF3A2,0.564333333,2.271333333,2.245333333,3.704,4.749333333,1.927333333,2.354333333
HNRNPH1,1.040333333,2.222,2.814666667,3.695666667,2.399,0,0
PSMC5,0.586666667,3.076333333,2.258,3.681666667,3.983333333,1.666,3.644
EMG1,1.343333333,2.120666667,3.262,3.597333333,4.937666667,1.993333333,0
EIF3L,2.183666667,0,2.089,3.567333333,4.754333333,0,0
PRPF8,1.383333333,0,2.028,3.563666667,3.259,2.116666667,0
GAPDH,0.844666667,1.195666667,2.126666667,3.56,4.172,0.148333333,3.372333333
G3BP2,0.046333333,2.169333333,0,3.558333333,7.651666667,2.033666667,1.870666667
MAGOH,2.720666667,0,0,3.551666667,5.367,0,0
NUP153,0.149,0,0,3.546666667,4.231666667,1.617666667,0
KPNA2,1.023,0,2.319,3.538,5.878333333,4.597,2.472333333
PUF60,0.841666667,0,0,3.509666667,4.942,0,2.556
YWHAB,0.431666667,0,1.903,3.501666667,0,0,0
EIF3C,1.436,0,2.107333333,3.5,2.371333333,0,0
IDH3A,1.321,0,2.441,3.494666667,5.384666667,2.554333333,2.31
PHB2,2.668,4.122,4.133666667,3.490333333,5.545,2.722,3.429
DDX56,3.285,3.856666667,4.714666667,3.473333333,5.397333333,0,2.439666667
NSUN5,1.189666667,0,2.586666667,3.401333333,2.591666667,0,0
PPP1CA,0,0,0,3.382333333,5.151666667,0.665666667,0
EBNA1BP2,1.761666667,0,0,3.38,2.046666667,0,0
PSMD2,1.714833333,0,0.839166667,3.3455,2.833833333,0,0
ANXA2,1.021666667,3.200666667,2.888666667,3.315333333,1.532666667,2.086333333,2.571333333
CCAR1,0.673666667,0,0,3.274333333,2.759666667,0,0
VIM,2.1265,2.1965,2.9115,3.259833333,2.7695,3.231833333,3.2915
POLR2H,0.491666667,1.456,1.940666667,3.252666667,4.030333333,1.536333333,1.843333333
NUP205,1.401333333,0,2.583666667,3.234,5.737666667,1.874,0
PSMC1,0,0,0.9985,3.233833333,1.1215,0.900833333,1.091166667
LMNB2,4.709333333,3.679,2.301666667,3.222,5.317,2.027,1.873
HSPA6,2.844,3.676666667,1.261666667,3.212333333,4.573666667,1.008333333,3.338333333
RPL37A,1.674333333,0,0,3.201666667,2.342666667,0,2.027333333
LDHB,1.068666667,0,2.392,3.192,4.894,0,0
DAZAP1,0.649666667,0,2.311,3.188,4.831,2.175,2.381333333
HSPA5,0.1615,0,1.414166667,3.183166667,6.0565,0,2.6915
GATAD2B,0,2.042,4.076333333,3.182333333,4.6,2.713,1.740333333
RPL15,0.976666667,0,2.597,3.178,3.539333333,0,2.54
NLE1,0.648333333,0,0,3.173,0,0,0
XRN2,0.779666667,1.834666667,0,3.140666667,0,0,0
GNL2,1.278666667,0,2.489666667,3.140333333,2.615,0,0
GPI,0.975666667,0,0,3.129333333,0,0,0
RPS5,0,0,0.907166667,3.116833333,4.2455,0,0
MSH2,0.820666667,0,0,3.064666667,0,0,0
NOL6,0.878666667,0,1.989333333,3.025333333,2.280333333,0,1.887
EIF2A,0,0,0,3.007333333,4.550333333,0,0
NUP98,1.081,0,0,2.996,2.748,0,1.833
PGK1,1.474,2.562,2.462666667,2.978333333,3.760666667,1.872666667,2.449666667
CDC5L,0,0,0,2.964333333,0,0,0
SEPT7,1.013666667,1.947,0,2.951333333,5.394666667,1.896,1.902
HIST1H2BK,0.587333333,3.435333333,0,2.946333333,2.909,0,2.301
PGAM5,0.773666667,0,0,2.919,2.161333333,0,0
OGT,0.478666667,0,0,2.823666667,0,1.914,1.764666667
RAE1,1.428333333,0,0,2.820333333,5.370666667,0,0
PES1,1.413666667,0,1.672666667,2.812666667,4.464666667,0,0
PPAN-P2RY11,1.748,0,1.886,2.8,5.594,0,0
TPT1,0.244333333,0.87,1.223,2.75,4.985666667,0.929666667,3.262333333
HP1BP3,0,0,0,2.697666667,0,0,0
CCT5,0.784,0,2.453333333,2.598,0,0,0
NUP107,0.911,0,0,2.595666667,4.454666667,1.565,3.326
IMPDH2,0.803333333,0,0,2.568666667,2.772333333,0,0
PKM,0.723166667,0,1.9035,2.5395,1.7965,0,0.387166667
AHCY,0.966333333,0,0,2.528,0,0,0
HCFC1,0,0,0,2.509,0,0,0
CCT3,0.773666667,0,2.015333333,2.507333333,1.963333333,0,0
ENO1,0.985666667,1.265,2.383,2.504,2.038,1.221,0
HSPA4,0.304333333,0,2.346333333,2.449,0,0,0
FUBP3,0.307666667,0,1.821,2.388333333,5.163,0,1.862333333
HIST1H2AJ,0.540166667,3.0965,1.908833333,2.369166667,1.3745,0,0.959166667
DLD,1.601,0,2.517666667,2.33,5.933333333,2.459666667,1.955333333
IQGAP1,0.798333333,0,0,2.329333333,2.572333333,0,0
FASN,0.439,0,0,2.329,1.22,0,0
RPS10,1.457666667,0,0,2.321333333,3.411,0,0
GLUD1,1.878666667,0,3.097,2.305,7.108333333,3.378,5.523
PSMC6,0,0,0,2.301666667,0,0,0
OGDH,1.985333333,0,3.109333333,2.299333333,7.126666667,1.786333333,2.607333333
NQO1,0.606333333,0,0,2.296333333,0,0,0
PSMB2,1.063666667,0,0,2.287,2.832666667,0,0
CLIC1,1.086,0,2.221666667,2.282666667,0,0,0
CHRAC1,1.506333333,0,3.427666667,2.225666667,6.852333333,0,0
MATR3,1.097666667,2.631,0,2.186,3.063666667,1.992,0
IPO5,0.080666667,0,2.249333333,2.154666667,1.959666667,0,0
TUBB8,0,0,0,2.137333333,0,0,0
PNPT1,1.007,0,0,2.104333333,6.459333333,0,0
PSMB6,1.320666667,0,0,2.086666667,0,0,0
CCT8,0,0,2.141666667,2.078,0,0,0
RPS23,1.275,0,2.564,2.059333333,6.308,0,0
PRDX3,0.949,0,2.428333333,2.045666667,6.069333333,2.112,2.734
ACTG1,0.269333333,1.504,1.55,2.045,2.776666667,0.569333333,1.398
PGAM1,0,0,0,2.035,0,0,0
FARSB,1.044666667,0,1.980666667,2.032666667,6.397,0,0
RPN1,4.768666667,2.855,3.105333333,2.029,3.754,3.227666667,3.058333333
PCNA,0,0,0,2.020333333,2.600666667,0,0
HSPA1B,0,0,0,2.0045,1.796833333,0,0
RPL23,1.83,2.033666667,0,2.001333333,5.737333333,2.467,4.837666667
DLST,4.584666667,0,2.911,1.999666667,4.274333333,3.094333333,7.225333333
KHDRBS1,0,2.067666667,0,1.999333333,2.49,0,0
HIST1H4F,0.1915,1.539166667,0.9165,1.9875,2.757833333,1.2475,0.976166667
FSCN1,0,0,0,1.984333333,2.466333333,0,0
PSMA5,0,0,0,1.969666667,0,0,0
CCT7,0,0,0,1.963,0,0,0
CCT6A,0,0,0,1.962333333,0,0,0
ACTR3,0,0,0,1.961333333,2.620333333,2.366,0
YWHAG,0.797666667,0,0,1.957333333,2.515333333,0,0
PSMA1,0.472666667,0,0,1.935,0,0,2.100666667
MTHFD1,0,0,0,1.929333333,0,0,0
XPO1,0,0,0,1.929,0,0,0
ANXA5,0,0,0,1.924,0,0,0
PSMC4,0,0,1.99,1.92,0,0,0
HIST1H2BO,0,2.846666667,0,1.889,2.177333333,0,0
PSMB3,0.692,0,1.956,1.874,0,0,0
KARS,0.453666667,0,1.751,1.855666667,5.316666667,0,0
ALDH1B1,1.142666667,0,0,1.844333333,5.396,0,1.838666667
EIF3F,0.483333333,0,1.801333333,1.834,4.931666667,2.057,0
BCLAF1,0.291333333,1.875333333,0,1.820333333,2.734666667,0,0
CALR,0,0,0,1.791666667,5.046,0,0
ARPC4,0.471,0,0,1.790666667,2.744333333,0,0
SEPT2,0.891333333,0,0,1.789666667,4.934,0,0
ACTN1,0.118666667,0,0,1.767666667,3.286333333,0,0
TSFM,0.709,0,2.337,1.754666667,5.002,0,0
DDX47,1.385333333,0,2.480666667,1.725333333,5.122,1.863666667,2.058666667
CACYBP,0,0,0,1.719666667,0,0,0
JUP,0,1.778166667,4.262833333,1.7195,1.7385,0,0.532833333
PUS7,0,0,0,1.711333333,0,0,0
EPRS,1.025666667,0,0,1.710666667,0,0,0
H2BC10,0.9685,1.8845,2.213166667,1.709833333,3.511166667,1.920166667,2.076166667
HNRNPA3,0.094,1.687666667,0,1.709333333,4.253666667,1.602666667,1.606333333
ALDH7A1,0,0,0,1.688666667,2.588666667,0,0
PSMA3,0,0,0,1.686666667,0,0,0
RPS19,0,1.933333333,0,1.676666667,0,0,0
DDX18,1.220333333,0,2.867,1.660333333,5.785333333,0,2.547333333
IDH3B,0.619666667,0,2.136666667,1.656333333,5.076,0,0
WDR43,1.703666667,0,2.801666667,1.644,5.506,2.249666667,0
CSDE1,0,0,0,1.639,5.313666667,0,0
PAICS,0,0,0,1.586333333,2.038666667,0,0
CDK1,1.425333333,0,0,1.568666667,6.401,2.481333333,0
AIMP2,0.457,0,0,1.568666667,0,0,0
DRG1,0,0,0,1.555666667,2.391,0,0
PSMD3,0,0,0,1.552,0,0,0
DHX30,1.113333333,0,0,1.523333333,5.29,2.207333333,0
SF3B2,0.666333333,0,2.339666667,1.518333333,6.257333333,0,2.189333333
ELAVL1,2.915666667,0,0,1.513333333,6.083,2.106666667,0
HSP90B1,0,0,0,1.5125,5.575166667,0,0
PCBP1,0,0,0,1.476,5.342666667,0,0
GNAI2,1.174666667,0,2.664,1.467333333,5.343666667,0,0
ETF1,0,0,2.300666667,1.438,5.439,0,2.124666667
MRPL19,1.245,0,0,1.417666667,2.687,0,0
MRPS27,0.528666667,0,0,1.364,2.655333333,0,0
PSMD1,0,0,0,1.353666667,0,0,0
PTGES2,0,0,0,1.342666667,5.135666667,0,0
ALDH2,0,0,0,1.301,2.773,0,0
TBRG4,0.453666667,0,0,1.291666667,2.472333333,0,0
VASP,0,0,0,1.272,2.479,0,0
RSL1D1,1.393333333,0,0,1.270333333,2.745666667,0,2.498666667
GCN1L1,0,3.025666667,2.736333333,1.248333333,2.432666667,0,2.842666667
DAP3,0.660333333,0,0,1.23,2.053333333,0,0
RRP9,1.016,0,2.423,1.210333333,0,0,4.345666667
EXOSC9,0.401666667,0,1.981,1.207333333,2.106,0,0
EXOSC4,0.87,0,2.367333333,1.201666667,4.044666667,0,2.147666667
ACTL6A,3.574,0,2.798666667,1.192,5.730333333,0,0
NMT1,0,0,0,1.189333333,2.639666667,0,0
SYNCRIP,0.267333333,0,0,1.186333333,2.108666667,0,0
LAP3,0,0,3.069,1.186333333,0,0,0
HIST2H2AC,0.081,0.800333333,1.516,1.186,2.74,1.033,0.491333333
LGALS3,0.543333333,0,0,1.164,1.727333333,0,0
EEF2,0,0,1.136666667,1.163,4.703666667,0,0.791666667
RANGAP1,1.005333333,0,2.061666667,1.159,2.223333333,0,0
SF3B1,0,0,0,1.151333333,3.051666667,0,0
UTP4,0,0,0,1.136,2.215,0,0
EWSR1,0.342333333,0,0,1.111666667,2.398333333,0,0
EXOSC2,0.625666667,0,2.069333333,1.075666667,2.103,0,0
CBX3,1.32,1.764666667,0,1.072666667,4.597,0,0
EGFR,0.716666667,0,0,1.069666667,2.180333333,0,0
S100A9,0,2.1075,2.6155,1.0525,3.0665,2.0615,1.663166667
UTP18,1.111,1.955666667,0,1.017333333,4.596666667,0,0
RPS25,0.328833333,0,0,1.0085,1.922833333,0,0
HIST2H3D,0,1.335,0,0.988,2.610333333,0,1.275666667
PRPF6,0.959,0,0,0.959,2.47,0,0
RPF2,1.730666667,0,0,0.929666667,2.084666667,0,0
SLC7A5,0.841,0,0,0.914333333,5.51,0,0
RPL19,1.248,0,0,0.908,2.864,0,0
MTREX,0,0,0,0.882333333,2.145,0,0
RPL36,1.254333333,0,2.032,0.87,2.416333333,0,0
USP10,0,0,0,0.868,2.329333333,0,0
ZC3HAV1,0,0,0,0.863,4.376333333,0,0
CS,0,0.494,1.017333333,0.860333333,5.569,1.342333333,3.745
WDR74,3.027,3.658333333,2.363,0.849666667,4.845,3.717666667,3.892
GRWD1,0.307333333,0,1.968333333,0.833,0,0,0
HIST1H2BH,0,1.531833333,0,0.818833333,1.139833333,0.428166667,0.5775
PPIH,0,0,0,0.808,1.941,0,0
RAB5C,1.112666667,0,1.927,0.800666667,5.790333333,2.621,0
KPNA4,0.201333333,0,0,0.796666667,1.911333333,0,0
MRPL1,0,0,2.131333333,0.787666667,0,0,0
NUP85,0.875,0,2.250333333,0.774666667,1.958666667,0,0
DDX27,1.423333333,0,0,0.735333333,2.442666667,0,2.124666667
MYOF,1.598333333,0,0,0.734,2.741666667,0,0
HIST2H2BE,0.345166667,0.866833333,1.4735,0.6915,2.6635,0.606833333,1.0795
CPSF1,0.422666667,0,0,0.681666667,4.389333333,0,1.88
RPS15,0.043833333,0.9555,1.5885,0.672833333,5.333166667,0,0
HIST1H1C,2.558333333,3.755,3.915666667,0.659666667,0,1.751666667,0
RPS6,0.531166667,0,0,0.658833333,5.216166667,0,0
WDR82,0.299,0,0,0.654,2.138666667,0,0
KRT17,0,4.536166667,7.180833333,0.617166667,4.551833333,4.0025,6.019833333
POLRMT,0.884333333,0,0,0.549333333,2.474666667,0,0
PDIA3,0,0,0,0.5415,4.0765,0,0
RPS2,0.006333333,0,0,0.456,2.717,0,0
ARF1,0,0,0,0.433166667,3.671166667,0.8895,0
LRWD1,0.259,0,1.945666667,0.427666667,4.042333333,0,0
PELO,0,0,0,0.425666667,1.864,0,0
RPS9,0.491,0,1.388666667,0.412333333,5.388,0.792333333,0.980666667
HNRNPAB,0.217333333,1.705666667,1.789,0.360666667,2.033,0,1.82
RPS27A,0,0.937666667,1.124,0.228666667,1.916,0.190666667,0.900333333
NPM3,2.228,5.648,3.316,0.076333333,2.256,1.770333333,1.108333333
MDC1,0.796333333,0,0,0,1.917,0,2.192333333
EEF1A1,0,0.883666667,0.743333333,0,2.302666667,0.603666667,1.037
CLPX,0,0.393333333,0.251333333,0,2.799,0,0.224666667
RBFOX2,0.432,1.863333333,0,0,0,4.094666667,0
RPL35,1.719333333,0,2.352,0,2.578666667,2.224666667,0
PSMD4,0,0,2.349666667,0,0,2.201666667,0
GLS,0,0,1.6565,0,1.670166667,1.482833333,0
C1QBP,1.822666667,2.161666667,2.598,0,5.877,0,0
IGF2BP3,0,0,0,0,5.830666667,0,0
SAP18,0.393666667,0,0,0,3.726333333,0,0
NDUFA13,0.884333333,0,0,0,3.155,0,0
FASTKD2,0.977333333,0,0,0,3.142333333,0,0
EMD,0,1.943333333,0,0,2.931,0,0
CDC42,0.932666667,0,0,0,2.929666667,0,0
EIF3A,0.994666667,0,0,0,2.884,0,0
HTATIP2,0.820666667,0,0,0,2.851333333,0,0
MRPL10,0.531,0,0,0,2.796333333,0,0
TMPO,2.764,2.508,0,0,2.770333333,0,0
MRPL2,0.660666667,0,2.689,0,2.722333333,0,0
FTSJ3,1.055666667,0,0,0,2.715,0,0
TTN,0.681666667,0,0,0,2.697333333,0,0
RPL13A,0.479166667,0,0,0,2.669833333,0,0
NXF1,0,0,0,0,2.659333333,0,0
CTNNB1,0,0,0,0,2.613,0,0
ASPH,1.473333333,0,0,0,2.611333333,0,0
CAVIN1,0,0,0,0,2.587333333,0,0
EIF4H,0,0,0,0,2.564333333,0,0
RHOG,0,0,0,0,2.558,0,0
RFC3,0.622666667,0,0,0,2.526,0,0
THOC6,0,0,0,0,2.387666667,0,0
UPF1,0,0,0,0,2.370333333,0,0
GOLGA2,0.711666667,0,0,0,2.356,0,0
TOR1AIP1,0.559666667,0,0,0,2.322666667,0,0
NUP210,0,0,0,0,2.304333333,0,0
RFC5,0,0,0,0,2.288,0,0
HEATR1,1.292666667,0,0,0,2.246,0,0
LEO1,0,0,0,0,2.207333333,0,0
SPTBN2,0,0,0,0,2.198666667,0,0
ACTR2,0,0,0,0,2.109666667,0,0
U2SURP,0.331333333,0,0,0,2.028666667,0,0
NIP7,0,0,0,0,1.915666667,0,0
ATRX,0,0,0,0,1.871333333,0,0
UTP15,0,0,0,0,1.687333333,0,0
KIF2B,0,0,0,0,1.686333333,0,0
LMO7,0,0,0,0,1.683333333,0,0
CEP152,0,0,2.268666667,0,0,0,0
RPS27,1.941333333,0,0,0,0,0,0
SNRPE,1.724,0,0,0,0,0,0
SLIRP,1.680666667,0,0,0,0,0,0
SNRPF,1.580333333,0,0,0,0,0,0
